caption,image_file
house,image (1).jpg
house,image (2).jpg
house,image (3).jpg
house,image (4).jpg
house,image (5).jpg
house,image (6).jpg
house,image (7).jpg
house,image (8).jpg
house,image (9).jpg
house,image (10).jpg
house,image (11).jpg
house,image (12).jpg
house,image (13).jpg
house,image (14).jpg
house,image (15).jpg
house,image (16).jpg
house,image (17).jpg
house,image (18).jpg
house,image (19).jpg
house,image (20).jpg
house,image (21).jpg
house,image (22).jpg
house,image (23).jpg
house,image (24).jpg
house,image (25).jpg
house,image (26).jpg
house,image (27).jpg
house,image (28).jpg
house,image (29).jpg
house,image (30).jpg
house,image (31).jpg
house,image (32).jpg
house,image (33).jpg
house,image (34).jpg
house,image (35).jpg
house,image (36).jpg
house,image (37).jpg
house,image (38).jpg
house,image (39).jpg
house,image (40).jpg
house,image (41).jpg
house,image (42).jpg
house,image (43).jpg
house,image (44).jpg
house,image (45).jpg
house,image (46).jpg
